<?xml version="1.0"?>
<dtb-settings version="0">

  <sys_led status="on" version="0">
    <sys_led_on name="on">
      <cmd path="/gpioleds/sys_led linux,default-trigger" type="s" >
        <value>default-on</value>
      </cmd>
    </sys_led_on>
    <sys_led_heartbeat name="heartbeat">
      <cmd path="/gpioleds/sys_led linux,default-trigger" type="s" >
        <value>heartbeat</value>
      </cmd>
    </sys_led_heartbeat>
    <sys_led_rc_feedback name="rc feedback">
      <cmd path="/gpioleds/sys_led linux,default-trigger" type="s" >
        <value>rc-feedback</value>
      </cmd>
    </sys_led_rc_feedback>
    <sys_led_sd name="sd">
      <cmd path="/gpioleds/sys_led linux,default-trigger" type="s" >
        <value>sd</value>
      </cmd>
    </sys_led_sd>
    <sys_led_emmc name="emmc">
      <cmd path="/gpioleds/sys_led linux,default-trigger" type="s" >
        <value>emmc</value>
      </cmd>
    </sys_led_emmc>
    <sys_led_off name="off">
      <cmd path="/gpioleds/sys_led linux,default-trigger" type="s" >
        <value>none</value>
      </cmd>
    </sys_led_off>
  </sys_led>

  <red_led status="off" version="0">
    <red_led_on name="on">
      <cmd path="/gpioleds/red_led linux,default-trigger" type="s" >
        <value>default-on</value>
      </cmd>
    </red_led_on>
    <red_led_heartbeat name="heartbeat">
      <cmd path="/gpioleds/red_led linux,default-trigger" type="s" >
        <value>heartbeat</value>
      </cmd>
    </red_led_heartbeat>
    <red_led_rc_feedback name="rc feedback">
      <cmd path="/gpioleds/red_led linux,default-trigger" type="s" >
        <value>rc-feedback</value>
      </cmd>
    </red_led_rc_feedback>
    <red_led_sd name="sd">
      <cmd path="/gpioleds/red_led linux,default-trigger" type="s" >
        <value>sd</value>
      </cmd>
    </red_led_sd>
    <red_led_emmc name="emmc">
      <cmd path="/gpioleds/red_led linux,default-trigger" type="s" >
        <value>emmc</value>
      </cmd>
    </red_led_emmc>
    <red_led_off name="off">
      <cmd path="/gpioleds/red_led linux,default-trigger" type="s" >
        <value>none</value>
      </cmd>
    </red_led_off>
  </red_led>

  <green_led status="off" version="0">
    <green_led_on name="on">
      <cmd path="/gpioleds/green_led linux,default-trigger" type="s" >
        <value>default-on</value>
      </cmd>
    </green_led_on>
    <green_led_heartbeat name="heartbeat">
      <cmd path="/gpioleds/green_led linux,default-trigger" type="s" >
        <value>heartbeat</value>
      </cmd>
    </green_led_heartbeat>
    <green_led_rc_feedback name="rc feedback">
      <cmd path="/gpioleds/green_led linux,default-trigger" type="s" >
        <value>rc-feedback</value>
      </cmd>
    </green_led_rc_feedback>
    <green_led_sd name="sd">
      <cmd path="/gpioleds/green_led linux,default-trigger" type="s" >
        <value>sd</value>
      </cmd>
    </green_led_sd>
    <green_led_emmc name="emmc">
      <cmd path="/gpioleds/green_led linux,default-trigger" type="s" >
        <value>emmc</value>
      </cmd>
    </green_led_emmc>
    <green_led_off name="off">
      <cmd path="/gpioleds/green_led linux,default-trigger" type="s" >
        <value>none</value>
      </cmd>
    </green_led_off>
  </green_led>

  <spicc0 status="off" version="0">
    <spicc0_on name="on">
      <cmd path="/soc/cbus@ffd00000/spi@13000 status" type="s" >
        <value>okay</value>
      </cmd>
      <cmd path="/soc/cbus@ffd00000/spi@13000/spidev@0 status" type="s" >
        <value>okay</value>
      </cmd>
    </spicc0_on>
    <spicc0_off name="off">
      <cmd path="/soc/cbus@ffd00000/spi@13000 status" type="s" >
        <value>disabled</value>
      </cmd>
      <cmd path="/soc/cbus@ffd00000/spi@13000/spidev@0 status" type="s" >
        <value>disabled</value>
      </cmd>
    </spicc0_off>
  </spicc0>

  <spicc1 status="off" version="0">
    <spicc1_on name="on">
      <cmd path="/soc/cbus@ffd00000/spi@15000 status" type="s" >
        <value>okay</value>
      </cmd>
      <cmd path="/soc/cbus@ffd00000/spi@15000/spidev@0 status" type="s" >
        <value>okay</value>
      </cmd>
    </spicc1_on>
    <spicc1_off name="off">
      <cmd path="/soc/cbus@ffd00000/spi@15000 status" type="s" >
        <value>disabled</value>
      </cmd>
      <cmd path="/soc/cbus@ffd00000/spi@15000/spidev@0 status" type="s" >
        <value>disabled</value>
      </cmd>
    </spicc1_off>
  </spicc1>

  <dvb status="off" version="2">
    <dvb_on name="on">
      <cmd path="/dvb status" type="s" >
        <value>okay</value>
      </cmd>
    </dvb_on>
    <dvb_off name="off">
      <cmd path="/dvb status" type="s" >
        <value>disabled</value>
      </cmd>
    </dvb_off>
  </dvb>

  <remote_type status="NEC" version="0">
    <remote_type_nec name="NEC">
      <cmd path="/meson-remote protocol" type="i" >
        <value>1</value>
      </cmd>
    </remote_type_nec>
    <remote_type_legacy_nec name="LEGACY NEC">
      <cmd path="/meson-remote protocol" type="i" >
        <value>255</value>
      </cmd>
    </remote_type_legacy_nec>
    <remote_type_duokan name="DUOKAN">
      <cmd path="/meson-remote protocol" type="i" >
        <value>2</value>
      </cmd>
    </remote_type_duokan>
    <remote_type_xmp_1 name="XMP_1">
      <cmd path="/meson-remote protocol" type="i" >
        <value>3</value>
      </cmd>
    </remote_type_xmp_1>
    <remote_type_rc5 name="RC5">
      <cmd path="/meson-remote protocol" type="i" >
        <value>4</value>
      </cmd>
    </remote_type_rc5>
    <remote_type_rc6 name="RC6">
      <cmd path="/meson-remote protocol" type="i" >
        <value>5</value>
      </cmd>
    </remote_type_rc6>
    <remote_type_toshiba name="TOSHIBA">
      <cmd path="/meson-remote protocol" type="i" >
        <value>6</value>
      </cmd>
    </remote_type_toshiba>
    <remote_type_rca name="RCA">
      <cmd path="/meson-remote protocol" type="i" >
        <value>8</value>
      </cmd>
    </remote_type_rca>
  </remote_type>

  <emmc status="HS200" version="0">
    <high_speed name="HS200,HS400">
      <cmd path="/emmc/emmc caps2" type="s" >
        <value>MMC_CAP2_HS200</value>
        <value>MMC_CAP2_HS400</value>
      </cmd>
    </high_speed>
    <normal_speed name="HS200">
      <cmd path="/emmc/emmc caps2" type="s" >
        <value>MMC_CAP2_HS200</value>
      </cmd>
    </normal_speed>
  </emmc>

  <slowsdio status="normal" version="0">
    <slow_sdio name="slow">
      <cmd path="/sdio/sdio f_max" type="u" >
        <value>170000000</value>
      </cmd>
    </slow_sdio>
    <normal_sdio name="normal">
      <cmd path="/sdio/sdio f_max" type="u" >
        <value>200000000</value>
      </cmd>
    </normal_sdio>
  </slowsdio>

  <int_ext_phy status="default" dt_id="khadas_vim3" version="1">
    <ext_phy name="default">
      <cmd path="/ethernet@ff3f0000 internal_phy" type="i" >
        <value>0</value>
      </cmd>
      <cmd path="/ethernet@ff3f0000 mc_val" type="x" >
        <value>0x1621</value>
      </cmd>
    </ext_phy>
    <int_phy name="M.2 Slot">
      <cmd path="/ethernet@ff3f0000 internal_phy" type="i" >
        <value>1</value>
      </cmd>
      <cmd path="/ethernet@ff3f0000 mc_val" type="x" >
        <value>0x4BE04</value>
      </cmd>
    </int_phy>
  </int_ext_phy>

  <k_usb3_pcie status="USB3" dt_id="khadas_vim3*" version="0">
    <k_usb3 name="USB3">
      <cmd path="/usb3phy@ffe09080 status" type="s" >
        <value>okay</value>
      </cmd>
      <cmd path="/pcieA@fc000000 status" type="s" >
        <value>disabled</value>
      </cmd>
    </k_usb3>
    <k_pcie name="PCIE">
      <cmd path="/usb3phy@ffe09080 status" type="s" >
        <value>disabled</value>
      </cmd>
      <cmd path="/pcieA@fc000000 status" type="s" >
        <value>okay</value>
      </cmd>
    </k_pcie>
  </k_usb3_pcie>

  <ip1001 status="migrated" dt_id="sm1_s905x3*1gbit" version="1">
    <ip1001_n_a name="n/a">
      <cmd path="/ethernet@ff3f0000 mc_val" type="x" >
        <value>0x1621</value>
      </cmd>
      <cmd path="/ethernet@ff3f0000 cali_val" type="x" >
        <value>0x10000</value>
      </cmd>
      <cmd path="/ethernet@ff3f0000 rx_delay" type="i" >
        <value>0</value>
      </cmd>
      <cmd path="/ethernet@ff3f0000 auto_cali_idx" type="i" >
        <value>0</value>
      </cmd>
    </ip1001_n_a>
    <ip1001_a name="assembled">
      <cmd path="/ethernet@ff3f0000 mc_val" type="x" >
        <value>0x1609</value>
      </cmd>
      <cmd path="/ethernet@ff3f0000 cali_val" type="x" >
        <value>0xc0000</value>
      </cmd>
      <cmd path="/ethernet@ff3f0000 rx_delay" option="d" />
      <cmd path="/ethernet@ff3f0000 auto_cali_idx" option="d" />
    </ip1001_a>
  </ip1001>

  <smartchip status="migrated" dt_id="gxl_*" version="1">
    <smartchip_disabled name="Disabled">
      <cmd path="/smartchip_wifi_driver/ compatible" type="s" >
        <value>smartchip,disabled</value>
      </cmd>
      <cmd path="/sdio@d0070000/sdio dmode" option="d" />
    </smartchip_disabled>
    <s9083s name="S-9083">
      <cmd path="/smartchip_wifi_driver/ compatible" type="s" >
        <value>smartchip,s9083s</value>
      </cmd>
      <cmd path="/sdio@d0070000/sdio dmode" type="s" >
        <value>pio</value>
      </cmd>
    </s9083s>
    <s9188s name="S-9188">
      <cmd path="/smartchip_wifi_driver/ compatible" type="s" >
        <value>smartchip,s9188s</value>
      </cmd>
      <cmd path="/sdio@d0070000/sdio dmode" type="s" >
        <value>pio</value>
      </cmd>
    </s9188s>
    <richv300 name="RICHV300">
      <cmd path="/smartchip_wifi_driver/ compatible" type="s" >
        <value>smartchip,richv300s</value>
      </cmd>
      <cmd path="/sdio@d0070000/sdio dmode" type="s" >
        <value>pio</value>
      </cmd>
    </richv300>
  </smartchip>

</dtb-settings>
