<?xml version="1.0"?>
<dtb-settings version="0">

  <sys_led status="on" version="0">
    <sys_led_on name="on">
      <cmd path="/gpioleds/sys_led linux,default-trigger" type="s" >
        <value>default-on</value>
      </cmd>
    </sys_led_on>
    <sys_led_heartbeat name="heartbeat">
      <cmd path="/gpioleds/sys_led linux,default-trigger" type="s" >
        <value>heartbeat</value>
      </cmd>
    </sys_led_heartbeat>
    <sys_led_rc_feedback name="rc feedback">
      <cmd path="/gpioleds/sys_led linux,default-trigger" type="s" >
        <value>rc-feedback</value>
      </cmd>
    </sys_led_rc_feedback>
    <sys_led_sd name="sd">
      <cmd path="/gpioleds/sys_led linux,default-trigger" type="s" >
        <value>sd</value>
      </cmd>
    </sys_led_sd>
    <sys_led_emmc name="emmc">
      <cmd path="/gpioleds/sys_led linux,default-trigger" type="s" >
        <value>emmc</value>
      </cmd>
    </sys_led_emmc>
    <sys_led_off name="off">
      <cmd path="/gpioleds/sys_led linux,default-trigger" type="s" >
        <value>none</value>
      </cmd>
    </sys_led_off>
  </sys_led>

  <red_led status="off" version="0">
    <red_led_on name="on">
      <cmd path="/gpioleds/red_led linux,default-trigger" type="s" >
        <value>default-on</value>
      </cmd>
    </red_led_on>
    <red_led_heartbeat name="heartbeat">
      <cmd path="/gpioleds/red_led linux,default-trigger" type="s" >
        <value>heartbeat</value>
      </cmd>
    </red_led_heartbeat>
    <red_led_rc_feedback name="rc feedback">
      <cmd path="/gpioleds/red_led linux,default-trigger" type="s" >
        <value>rc-feedback</value>
      </cmd>
    </red_led_rc_feedback>
    <red_led_sd name="sd">
      <cmd path="/gpioleds/red_led linux,default-trigger" type="s" >
        <value>sd</value>
      </cmd>
    </red_led_sd>
    <red_led_emmc name="emmc">
      <cmd path="/gpioleds/red_led linux,default-trigger" type="s" >
        <value>emmc</value>
      </cmd>
    </red_led_emmc>
    <red_led_off name="off">
      <cmd path="/gpioleds/red_led linux,default-trigger" type="s" >
        <value>none</value>
      </cmd>
    </red_led_off>
  </red_led>

  <green_led status="off" version="0">
    <green_led_on name="on">
      <cmd path="/gpioleds/green_led linux,default-trigger" type="s" >
        <value>default-on</value>
      </cmd>
    </green_led_on>
    <green_led_heartbeat name="heartbeat">
      <cmd path="/gpioleds/green_led linux,default-trigger" type="s" >
        <value>heartbeat</value>
      </cmd>
    </green_led_heartbeat>
    <green_led_rc_feedback name="rc feedback">
      <cmd path="/gpioleds/green_led linux,default-trigger" type="s" >
        <value>rc-feedback</value>
      </cmd>
    </green_led_rc_feedback>
    <green_led_sd name="sd">
      <cmd path="/gpioleds/green_led linux,default-trigger" type="s" >
        <value>sd</value>
      </cmd>
    </green_led_sd>
    <green_led_emmc name="emmc">
      <cmd path="/gpioleds/green_led linux,default-trigger" type="s" >
        <value>emmc</value>
      </cmd>
    </green_led_emmc>
    <green_led_off name="off">
      <cmd path="/gpioleds/green_led linux,default-trigger" type="s" >
        <value>none</value>
      </cmd>
    </green_led_off>
  </green_led>

  <remote_type status="NEC" version="0">
    <remote_type_nec name="NEC">
      <cmd path="/meson-remote protocol" type="i" >
        <value>1</value>
      </cmd>
    </remote_type_nec>
    <remote_type_legacy_nec name="LEGACY NEC">
      <cmd path="/meson-remote protocol" type="i" >
        <value>255</value>
      </cmd>
    </remote_type_legacy_nec>
    <remote_type_duokan name="DUOKAN">
      <cmd path="/meson-remote protocol" type="i" >
        <value>2</value>
      </cmd>
    </remote_type_duokan>
    <remote_type_xmp_1 name="XMP_1">
      <cmd path="/meson-remote protocol" type="i" >
        <value>3</value>
      </cmd>
    </remote_type_xmp_1>
    <remote_type_rc5 name="RC5">
      <cmd path="/meson-remote protocol" type="i" >
        <value>4</value>
      </cmd>
    </remote_type_rc5>
    <remote_type_rc6 name="RC6">
      <cmd path="/meson-remote protocol" type="i" >
        <value>5</value>
      </cmd>
    </remote_type_rc6>
    <remote_type_toshiba name="TOSHIBA">
      <cmd path="/meson-remote protocol" type="i" >
        <value>6</value>
      </cmd>
    </remote_type_toshiba>
    <remote_type_rca name="RCA">
      <cmd path="/meson-remote protocol" type="i" >
        <value>8</value>
      </cmd>
    </remote_type_rca>
  </remote_type>

  <emmc status="HS200" version="0">
    <high_speed name="HS200,HS400">
      <cmd path="/emmc/emmc caps2" type="s" >
        <value>MMC_CAP2_HS200</value>
        <value>MMC_CAP2_HS400</value>
      </cmd>
    </high_speed>
    <normal_speed name="HS200">
      <cmd path="/emmc/emmc caps2" type="s" >
        <value>MMC_CAP2_HS200</value>
      </cmd>
    </normal_speed>
  </emmc>

  <slowsdio status="normal" version="0">
    <slow_sdio name="slow">
      <cmd path="/sdio/sdio f_max" type="u" >
        <value>170000000</value>
      </cmd>
    </slow_sdio>
    <normal_sdio name="normal">
      <cmd path="/sdio/sdio f_max" type="u" >
        <value>200000000</value>
      </cmd>
    </normal_sdio>
  </slowsdio>

</dtb-settings>
