<?xml version="1.0" encoding="utf-8" ?>
<settings version="1">

  <section id="system">
    <category id="display">
      <group id="1">
        <setting id="videoscreen.limitedrange">
          <default>false</default>
          <visible>false</visible>
        </setting>
        <setting id="videoscreen.limitguisize">
          <visible>false</visible>
          <default>3</default>
        </setting>
      </group>
    </category>
    <category id="audio">
      <group id="1">
        <setting id="audiooutput.audiodevice">
          <default>ALSA:hdmi:CARD=allwinnerhdmi,DEV=0</default>
        </setting>
      </group>
    </category>
  </section>

</settings>
