<?xml version="1.0" encoding="utf-8" ?>
<settings version="1">
  <section id="player">
    <category id="videoplayer">
      <group id="3">
        <setting id="videoplayer.useprimedecoder">
          <default>true</default>
        </setting>
        <setting id="videoplayer.useprimedecoderforhw">
          <visible>true</visible>
        </setting>
        <setting id="videoplayer.useprimerenderer">
          <default>0</default>
        </setting>
      </group>
    </category>
    <category id="input">
      <group id="4">
        <setting id="input.libinputkeyboardlayout">
          <visible>true</visible>
        </setting>
      </group>
    </category>
  </section>
</settings>
