<sources>
  <video>
      <default pathversion="1"></default>
      <source>
          <name>Videos</name>
          <path pathversion="1">/storage/videos/</path>
          <allowsharing>true</allowsharing>
      </source>
      <source>
          <name>TV Shows</name>
          <path pathversion="1">/storage/tvshows/</path>
          <allowsharing>true</allowsharing>
      </source>
  </video>
  <music>
      <default pathversion="1"></default>
      <source>
          <name>Music</name>
          <path pathversion="1">/storage/music/</path>
          <allowsharing>true</allowsharing>
      </source>
  </music>
  <pictures>
      <default pathversion="1"></default>
      <source>
          <name>Pictures</name>
          <path pathversion="1">/storage/pictures/</path>
          <allowsharing>true</allowsharing>
      </source>
  </pictures>
</sources>
