{
  "arch": "x86_64",
  "cpu": "x86-64",
  "crt-static-respected": true,
  "data-layout": "e-m:e-p270:32:32-p271:32:32-p272:64:64-i64:64-f80:128-n8:16:32:64-S128",
  "dynamic-linking": true,
  "env": "gnu",
  "executables": true,
  "has-rpath": true,
  "has-thread-local": true,
  "is-builtin": false,
  "llvm-target": "x86_64-unknown-linux-gnu",
  "max-atomic-width": 64,
  "os": "linux",
  "position-independent-executables": true,
  "pre-link-args": {
    "gcc": [
      "-m64"
    ]
  },
  "relro-level": "full",
  "stack-probes": {
    "kind": "call"
  },
  "static-position-independent-executables": true,
  "supported-sanitizers": [
    "address",
    "cfi",
    "leak",
    "memory",
    "thread"
  ],
  "target-family": [
    "unix"
  ],
  "target-pointer-width": "64"
}

