<?xml version="1.0" encoding="utf-8" ?>
<settings version="1">

  <section id="system">
    <category id="display">
      <group id="1">
        <setting id="videoscreen.screenmode">
          <visible>true</visible>
          <default>0192001080060.00000pstd</default>
        </setting>
        <setting id="videoscreen.limitedrange">
          <visible>false</visible>
        </setting>
        <setting id="videoscreen.limitguisize">
          <visible>true</visible>
          <default>3</default>
        </setting>
      </group>
    </category>
  </section>

</settings>
